[
    {
        "model": "articles.article",
        "pk": 1,
        "fields": {
            "title": "article1",
            "content": "test article1",
            "created_at": "2020-01-01T00:00:00.671Z",
            "updated_at": "2020-01-01T00:00:00.671Z",
            "user": 1,
            "like_users": []
        }
    },
    {
        "model": "accounts.user",
        "pk": 1,
        "fields": {
            "password": "pbkdf2_sha256$216000$ZABo7WtE3D9g$m5/XngJCkTzL6W7eucc8kpHIfYXdlmh6V7VHL6qzatU=",
            "last_login": "2020-01-01T00:00:00.120Z",
            "is_superuser": false,
            "username": "testuser",
            "first_name": "",
            "last_name": "",
            "email": "testuser@gmail.com",
            "is_staff": false,
            "is_active": true,
            "date_joined": "2020-01-01T00:00:00.997Z",
            "groups": [],
            "user_permissions": [],
            "followers": []
        }
    }
]